sjID,trial,choice,rt,win,loss,time,cue_ons,choice_ons,outcome_ons,score_tally,cue_ons_s,choice_ons_s,outcome_ons_s
1,1,2,5.75044809980318,0,0,14:35:23.941,14:35:24.575,14:35:30.326,14:35:32.515,100,2549972.4295117,2549978.2034342,2549980.3923938
1,2,1,1.46881570015103,1,0,14:35:34.018,14:35:34.589,14:35:36.057,14:35:38.244,101,2549982.4664658,2549983.935542,2549986.1210907
1,3,1,1.39322170009837,0,1,14:35:39.745,14:35:40.310,14:35:41.703,14:35:43.889,100,2549988.1875508,2549989.5812863,2549991.7668537
1,4,2,2.28075810009614,1,0,14:35:45.391,14:35:45.974,14:35:48.255,14:35:50.440,101,2549993.8513691,2549996.1323649,2549998.317584
1,5,3,1.43566479999572,1,0,14:35:51.942,14:35:52.509,14:35:53.944,14:35:56.131,102,2550000.3853403,2550001.8216835,2550004.0087316
1,6,1,1.27754390006885,1,1,14:35:57.642,14:35:58.202,14:35:59.480,14:36:01.666,102,2550006.0797827,2550007.3574504,2550009.5435171
1,7,3,4.87572150025517,0,1,14:36:03.167,14:36:03.726,14:36:08.602,14:36:10.787,101,2550011.6035418,2550016.4794166,2550018.6648095
1,8,3,3.10941339982674,0,1,14:36:12.288,14:36:12.848,14:36:15.958,14:36:18.141,100,2550020.7256334,2550023.8352558,2550026.0188334
1,9,3,1.3154154997319,1,0,14:36:19.641,14:36:20.202,14:36:21.518,14:36:23.703,101,2550028.0796581,2550029.3952418,2550031.5805176
1,10,3,4.17445980012417,1,0,14:36:25.203,14:36:25.765,14:36:29.939,14:36:32.124,102,2550033.6427075,2550037.817588,2550040.0016789
1,11,3,3.59111799998209,0,1,14:36:33.624,14:36:34.185,14:36:37.776,14:36:39.961,101,2550042.0630177,2550045.6546414,2550047.8383573
1,12,2,0.336872700136155,1,0,14:36:41.462,14:36:42.024,14:36:42.361,14:36:44.546,102,2550049.9012863,2550050.2383473,2550052.4235258
1,13,3,1.51908270036802,1,1,14:36:46.046,14:36:46.607,14:36:48.126,14:36:50.311,102,2550054.4849525,2550056.0041451,2550058.188065
1,14,1,2.16396929975599,1,0,14:36:51.810,14:36:52.369,14:36:54.533,14:36:56.717,103,2550060.24699,2550062.4110583,2550064.5944807
1,15,1,3.55605140002444,0,0,14:36:58.218,14:36:58.777,14:37:02.332,14:37:04.517,103,2550066.6542449,2550070.2104412,2550072.3946976
1,16,2,0.796792000066489,0,0,14:37:06.018,14:37:06.577,14:37:07.373,14:37:09.558,103,2550074.4542809,2550075.2511739,2550077.4359097
1,17,1,1.56956769991666,1,0,14:37:11.058,14:37:11.619,14:37:13.188,14:37:15.373,104,2550079.4963918,2550081.0660877,2550083.2508636
1,18,1,0.534549999982119,0,0,14:37:16.874,14:37:17.434,14:37:17.968,14:37:20.153,104,2550085.3114814,2550085.8460964,2550088.0306371
1,19,1,0.826215900015086,0,1,14:37:21.654,14:37:22.215,14:37:23.041,14:37:25.225,103,2550090.0928541,2550090.919207,2550093.1030474
1,20,3,0.467880900017917,0,1,14:37:26.726,14:37:27.287,14:37:27.754,14:37:29.939,102,2550095.1641974,2550095.6322095,2550097.8171638
1,21,3,0.944800100289285,0,1,14:37:31.440,14:37:32.001,14:37:32.945,14:37:35.130,101,2550099.8782671,2550100.8231978,2550103.0080332
1,22,3,0.232055499684066,0,1,14:37:36.631,14:37:37.191,14:37:37.423,14:37:39.608,100,2550105.0691414,2550105.3013273,2550107.4856832
1,23,2,0.365188299678266,0,0,14:37:41.108,14:37:41.666,14:37:42.031,14:37:44.216,100,2550109.5440822,2550109.9094844,2550112.0940634
1,24,2,0.20653670001775,1,1,14:37:45.717,14:37:46.279,14:37:46.485,14:37:48.669,100,2550114.1565817,2550114.363285,2550116.5467703
1,25,1,0.719601799733937,1,0,14:37:50.170,14:37:50.734,14:37:51.453,14:37:53.638,101,2550118.6114254,2550119.3311908,2550121.5161479
1,26,3,7.58110619988292,0,1,14:37:55.138,14:37:55.698,14:38:03.279,14:38:05.463,100,2550123.576051,2550131.1572718,2550133.3408021
1,27,2,3.78974559996277,0,1,14:38:06.964,14:38:07.523,14:38:11.312,14:38:13.497,99,2550135.4003845,2550139.190195,2550141.3743939
1,28,1,1.54927599988878,0,1,14:38:14.997,14:38:15.558,14:38:17.107,14:38:19.291,98,2550143.4357763,2550144.985119,2550147.1688198
1,29,2,2.42001810017973,0,0,14:38:20.792,14:38:21.352,14:38:23.772,14:38:25.958,98,2550149.2300341,2550151.6501681,2550153.8352803
1,30,2,0.261599699966609,0,0,14:38:27.457,14:38:28.017,14:38:28.278,14:38:30.462,98,2550155.8943967,2550156.1560597,2550158.3397335
1,31,3,1.45959480013698,0,0,14:38:31.963,14:38:32.523,14:38:33.982,14:38:36.167,98,2550160.4006157,2550161.8603151,2550164.0444137
1,32,1,2.60911570023745,0,0,14:38:37.667,14:38:38.225,14:38:40.834,14:38:43.019,98,2550166.1031445,2550168.7123247,2550170.8963244
1,33,1,0.323962099850178,0,0,14:38:44.519,14:38:45.078,14:38:45.401,14:38:47.587,98,2550172.9561325,2550173.2801596,2550175.4651409
1,34,2,1.06342839961872,0,0,14:38:49.088,14:38:49.648,14:38:50.712,14:38:52.897,98,2550177.5266072,2550178.5901701,2550180.77441
1,35,3,1.44024799996987,0,1,14:38:54.397,14:38:54.957,14:38:56.397,14:38:58.581,97,2550182.8349254,2550184.2752371,2550186.4598768
1,36,2,0.205508400220424,0,0,14:39:00.082,14:39:00.642,14:39:00.846,14:39:03.032,97,2550188.5195556,2550188.7251454,2550190.9098382
1,37,1,0.568707400001585,0,0,14:39:04.532,14:39:05.091,14:39:05.659,14:39:07.844,97,2550192.9683762,2550193.5371481,2550195.7218519
1,38,2,0.392854200210422,0,1,14:39:09.344,14:39:09.905,14:39:10.298,14:39:12.483,96,2550197.7831851,2550198.1761795,2550200.3613492
1,39,2,1.15629509976134,0,0,14:39:13.984,14:39:14.545,14:39:15.701,14:39:17.885,96,2550202.4228915,2550203.5792967,2550205.7630752
1,40,3,1.35235100006685,0,1,14:39:19.386,14:39:19.946,14:39:21.298,14:39:23.483,95,2550207.8237847,2550209.1762465,2550211.3604003
1,41,1,0.541089699603617,0,1,14:39:24.983,14:39:25.542,14:39:26.083,14:39:28.267,94,2550213.4199851,2550213.9611407,2550216.1446092
1,42,1,0.953728399705142,0,1,14:39:29.767,14:39:30.326,14:39:31.280,14:39:33.465,93,2550218.2041965,2550219.1579958,2550221.3427685
1,43,3,0.270436699967831,1,1,14:39:34.966,14:39:35.526,14:39:35.796,14:39:37.981,93,2550223.4037701,2550223.6742722,2550225.8584898
1,44,3,0.00132270017638803,0,1,14:39:39.481,14:39:40.042,14:39:40.043,14:39:42.234,92,2550227.9203903,2550227.9218365,2550230.1121748
1,45,2,0.381462499964982,0,1,14:39:43.734,14:39:44.296,14:39:44.677,14:39:46.862,91,2550232.1735599,2550232.5551575,2550234.7399888
1,46,2,0.39061320014298,0,0,14:39:48.362,14:39:48.922,14:39:49.313,14:39:51.496,91,2550236.8003857,2550237.1911083,2550239.3745729
1,47,2,0.478903000243008,0,0,14:39:52.997,14:39:53.557,14:39:54.036,14:39:56.221,91,2550241.4353014,2550241.9142687,2550244.0989694
1,48,1,1.4201621003449,0,1,14:39:57.722,14:39:58.282,14:39:59.702,14:40:01.887,90,2550246.1600387,2550247.5803349,2550249.7651392
1,49,2,7.43450319999829,0,1,14:40:03.388,14:40:03.949,14:40:11.383,14:40:13.568,89,2550251.826596,2550259.2612157,2550261.4464506
1,50,1,2.8960151001811,0,0,14:40:15.069,14:40:15.628,14:40:18.524,14:40:20.708,89,2550263.5062184,2550266.4022952,2550268.5864025
1,51,3,0.868966500274837,1,0,14:40:22.209,14:40:22.769,14:40:23.638,14:40:25.823,90,2550270.6470992,2550271.5161745,2550273.7006781
1,52,1,0.602734100073576,0,1,14:40:27.323,14:40:27.883,14:40:28.486,14:40:30.670,89,2550275.7613494,2550276.3641796,2550278.5483956
1,53,1,0.885850199963897,0,1,14:40:32.171,14:40:32.731,14:40:33.616,14:40:35.801,88,2550280.6091626,2550281.4951088,2550283.6786316
1,54,3,1.36959220003337,1,1,14:40:37.301,14:40:37.861,14:40:39.231,14:40:41.414,88,2550285.7393316,2550287.10904,2550289.2930511
1,55,3,0.327000000048429,1,0,14:40:42.916,14:40:43.474,14:40:43.801,14:40:45.986,89,2550291.3521318,2550291.6791951,2550293.8639688
1,56,3,0.262189900036901,1,0,14:40:47.486,14:40:48.047,14:40:48.309,14:40:50.493,90,2550295.9247387,2550296.1870603,2550298.3710942
1,57,3,2.86141959996894,1,0,14:40:51.994,14:40:52.554,14:40:55.415,14:40:57.599,91,2550300.431644,2550303.293174,2550305.4775417
1,58,3,2.14926420012489,1,0,14:40:59.100,14:40:59.662,14:41:01.810,14:41:03.995,92,2550307.5398164,2550309.6891896,2550311.8733687
1,59,3,3.25162809994072,1,0,14:41:05.496,14:41:06.057,14:41:09.309,14:41:11.493,93,2550313.9354268,2550317.1871857,2550319.3707632
1,60,3,9.99000540003181,0,0,14:41:12.993,14:41:13.552,14:41:23.542,14:41:25.727,93,2550321.4302684,2550331.4203461,2550333.6051807
1,61,3,0.806820800062269,0,1,14:41:27.228,14:41:27.788,14:41:28.595,14:41:30.778,92,2550335.6662062,2550336.4731233,2550338.6567317
1,62,2,6.46458399994299,0,0,14:41:32.279,14:41:32.842,14:41:39.307,14:41:41.492,92,2550340.7204334,2550347.185171,2550349.3699799
1,63,3,5.28312129992992,1,1,14:41:42.993,14:41:43.553,14:41:48.835,14:41:51.020,92,2550351.4309124,2550356.7141447,2550358.8983917
1,64,3,2.3095765998587,1,0,14:41:52.521,14:41:53.080,14:41:55.390,14:41:57.574,93,2550360.9585038,2550363.2681881,2550365.452413
1,65,3,6.80714489985257,1,0,14:41:59.075,14:41:59.634,14:42:06.440,14:42:08.625,94,2550367.5119805,2550374.319189,2550376.5034152
1,66,1,6.5592686003074,0,0,14:42:10.126,14:42:10.685,14:42:17.244,14:42:19.430,94,2550378.5637887,2550385.1231535,2550387.3078023
1,67,3,0.247494600247592,1,0,14:42:20.929,14:42:21.490,14:42:21.738,14:42:23.923,95,2550389.368536,2550389.6161605,2550391.8008517
1,68,2,1.14228949975222,0,0,14:42:25.422,14:42:25.981,14:42:27.123,14:42:29.308,95,2550393.8598117,2550395.0021688,2550397.1866533
1,69,2,1.68947630003095,0,0,14:42:30.809,14:42:31.368,14:42:33.057,14:42:35.243,95,2550399.2466586,2550400.9362312,2550403.1210588
1,70,3,1.55080570001155,1,0,14:42:36.743,14:42:37.306,14:42:38.856,14:42:41.041,96,2550405.1841265,2550406.7350901,2550408.9193467
1,71,3,3.35385859990492,1,1,14:42:42.542,14:42:43.100,14:42:46.453,14:42:48.639,96,2550410.9783041,2550414.3322279,2550416.5171306
1,72,1,0.494579299818724,0,1,14:42:50.139,14:42:50.701,14:42:51.195,14:42:53.379,95,2550418.5792962,2550419.0740206,2550421.2578372
1,73,3,0.261589900124818,0,1,14:42:54.880,14:42:55.440,14:42:55.701,14:42:57.885,94,2550423.3185406,2550423.5802627,2550425.7637972
1,74,3,0.0926638999953866,1,1,14:42:59.386,14:42:59.948,14:43:00.041,14:43:02.225,94,2550427.8263408,2550427.919142,2550430.1035417
1,75,3,2.02413860009983,1,0,14:43:03.725,14:43:04.286,14:43:06.309,14:43:08.494,95,2550432.1639552,2550434.1882024,2550436.3719525
1,76,3,0.596590100321919,0,0,14:43:09.995,14:43:10.553,14:43:11.149,14:43:13.333,95,2550438.4313898,2550439.0280528,2550441.2115719
1,77,3,0.455054999794811,1,0,14:43:14.834,14:43:15.393,14:43:15.847,14:43:18.032,96,2550443.27133,2550443.7264507,2550445.9106377
1,78,2,1.13946530036628,0,1,14:43:19.533,14:43:20.092,14:43:21.232,14:43:23.417,95,2550447.9704793,2550449.1100171,2550451.295145
1,79,2,0.265217899810523,0,1,14:43:24.918,14:43:25.477,14:43:25.743,14:43:27.926,94,2550453.3557987,2550453.6211072,2550455.8045669
1,80,3,0.447614700067788,0,0,14:43:29.427,14:43:29.987,14:43:30.434,14:43:32.619,94,2550457.8653556,2550458.3130794,2550460.4973731
1,81,3,1.1702373996377,1,1,14:43:34.119,14:43:34.678,14:43:35.848,14:43:38.033,94,2550462.55678,2550463.7270907,2550465.9113709
1,82,3,0.355762199964374,1,1,14:43:39.534,14:43:40.094,14:43:40.449,14:43:42.635,94,2550467.9724787,2550468.3283067,2550470.5133251
1,83,3,0.219851399771869,0,1,14:43:44.135,14:43:44.698,14:43:44.917,14:43:47.101,93,2550472.5761041,2550472.79602,2550474.9799915
1,84,3,0.774960800074041,1,1,14:43:48.602,14:43:49.163,14:43:49.938,14:43:52.123,93,2550477.0420179,2550477.8171395,2550480.0018564
1,85,1,0.664030899759382,0,0,14:43:53.624,14:43:54.183,14:43:54.846,14:43:57.030,93,2550482.0612136,2550482.7253533,2550484.9087769
1,86,1,0.597249899990857,1,1,14:43:58.531,14:43:59.093,14:43:59.690,14:44:01.874,93,2550486.9718173,2550487.5692217,2550489.7530228
1,87,3,0.694450000301003,1,1,14:44:03.375,14:44:03.936,14:44:04.630,14:44:06.814,93,2550491.8144555,2550492.5090355,2550494.6925758
1,88,3,7.59389170026407,1,1,14:44:08.315,14:44:08.874,14:44:16.467,14:44:18.652,93,2550496.7521305,2550504.3460853,2550506.5308334
1,89,3,0.694226699881256,1,1,14:44:20.153,14:44:20.714,14:44:21.408,14:44:23.593,93,2550508.5928243,2550509.2871835,2550511.471312
1,90,3,0.271707599982619,1,0,14:44:25.093,14:44:25.655,14:44:25.926,14:44:28.111,94,2550513.5332547,2550513.8051101,2550515.9898138
1,91,3,5.58001409983262,1,0,14:44:29.612,14:44:30.172,14:44:35.752,14:44:37.937,95,2550518.0502891,2550523.6303878,2550525.8151871
1,92,2,2.08093359973282,0,1,14:44:39.437,14:44:39.997,14:44:42.078,14:44:44.263,94,2550527.8762006,2550529.9572449,2550532.1420658
1,93,3,0.322408100124449,1,0,14:44:45.764,14:44:46.324,14:44:46.646,14:44:48.830,95,2550534.2025422,2550534.5250712,2550536.7086099
1,94,3,2.12215409986675,1,0,14:44:50.331,14:44:50.891,14:44:53.013,14:44:55.197,96,2550538.7698118,2550540.8920622,2550543.075583
1,95,3,1.59317720029503,1,0,14:44:56.698,14:44:57.256,14:44:58.850,14:45:01.033,97,2550545.135028,2550546.7282682,2550548.911798
1,96,3,0.333067600149661,1,1,14:45:02.534,14:45:03.094,14:45:03.427,14:45:05.612,97,2550550.9729156,2550551.3061056,2550553.4903617
1,97,3,0.222159299999475,1,1,14:45:07.112,14:45:07.673,14:45:07.895,14:45:10.080,97,2550555.5517643,2550555.7740322,2550557.9588182
1,98,3,0.329788000322878,1,0,14:45:11.581,14:45:12.144,14:45:12.474,14:45:14.658,98,2550560.0231576,2550560.3531098,2550562.5366242
1,99,3,0.415226699784398,1,1,14:45:16.159,14:45:16.720,14:45:17.135,14:45:19.320,98,2550564.5988497,2550565.0142176,2550567.1991591
1,100,3,0.24914800003171,1,0,14:45:20.821,14:45:21.380,14:45:21.629,14:45:23.814,99,2550569.2590005,2550569.5082443,2550571.6929055
1,101,3,0.232729799579829,1,1,14:45:25.315,14:45:25.877,14:45:26.110,14:45:28.294,99,2550573.7562902,2550573.989183,2550576.1726435
1,102,3,0.221635700203478,1,0,14:45:29.794,14:45:30.354,14:45:30.575,14:45:32.759,100,2550578.232495,2550578.454228,2550580.6377257
1,103,3,0.199416000396013,1,0,14:45:34.259,14:45:34.820,14:45:35.019,14:45:37.204,101,2550582.6986299,2550582.89815,2550585.0830676
1,104,3,0.288760600145906,1,0,14:45:38.704,14:45:39.266,14:45:39.555,14:45:41.740,102,2550587.145111,2550587.4340262,2550589.6187754
1,105,3,0.240755000151694,0,0,14:45:43.240,14:45:43.801,14:45:44.042,14:45:46.227,102,2550591.6802898,2550591.9211757,2550594.1052935
1,106,3,0.213100599590689,1,1,14:45:47.727,14:45:48.286,14:45:48.499,14:45:50.684,102,2550596.1649294,2550596.3780952,2550598.5623151
1,107,3,0.131713199894875,1,1,14:45:52.184,14:45:52.744,14:45:52.875,14:45:55.060,102,2550600.6224325,2550600.7542424,2550602.9383759
1,108,3,0.230476799886674,0,0,14:45:56.560,14:45:57.120,14:45:57.350,14:45:59.534,102,2550604.9986123,2550605.2291865,2550607.4126502
1,109,3,0.230403900146484,1,1,14:46:01.035,14:46:01.594,14:46:01.824,14:46:04.009,102,2550609.4727428,2550609.7032343,2550611.8873762
1,110,3,0.177620999980718,1,0,14:46:05.509,14:46:06.069,14:46:06.247,14:46:08.432,103,2550613.9483514,2550614.1260696,2550616.3110621
1,111,3,0.497967000119388,1,1,14:46:09.933,14:46:10.491,14:46:10.989,14:46:13.174,103,2550618.3702692,2550618.8683001,2550621.0523594
1,112,3,0.206423500087112,0,1,14:46:14.674,14:46:15.234,14:46:15.440,14:46:17.625,102,2550623.1127381,2550623.319226,2550625.5033584
1,113,3,0.000551299657672644,1,0,14:46:19.125,14:46:19.685,14:46:19.685,14:46:21.882,103,2550627.5635002,2550627.5641247,2550629.7605239
1,114,3,0.243448900058866,1,1,14:46:23.382,14:46:23.942,14:46:24.185,14:46:26.369,103,2550631.8204825,2550632.0640051,2550634.247492
1,115,2,1.26015859981999,0,0,14:46:27.869,14:46:28.429,14:46:29.688,14:46:31.873,103,2550636.3078053,2550637.5680614,2550639.7523093
1,116,3,0.274468700401485,0,1,14:46:33.374,14:46:33.934,14:46:34.208,14:46:36.392,102,2550641.8126329,2550642.0871888,2550644.2710428
1,117,3,0.101261800155044,1,0,14:46:37.893,14:46:38.452,14:46:38.553,14:46:40.737,103,2550646.3307605,2550646.4321027,2550648.6154726
1,118,3,0.404680499807,0,1,14:46:42.237,14:46:42.796,14:46:43.201,14:46:45.385,102,2550650.6753529,2550651.0800968,2550653.2642711
1,119,3,0.187568499706686,1,0,14:46:46.886,14:46:47.445,14:46:47.633,14:46:49.818,103,2550655.324368,2550655.5120613,2550657.696886
1,120,3,1.19116770010442,1,1,14:46:51.318,14:46:51.878,14:46:53.069,14:46:55.254,103,2550659.756874,2550660.9481054,2550663.1328695
1,121,3,0.972873799968511,0,1,14:46:56.755,14:46:57.313,14:46:58.286,14:47:00.471,102,2550665.1922095,2550666.1651709,2550668.3496165
1,122,3,4.18922810023651,0,0,14:47:01.970,14:47:02.531,14:47:06.720,14:47:08.904,102,2550670.4098305,2550674.5991809,2550676.7833297
1,123,3,0.165445600170642,1,0,14:47:10.405,14:47:10.966,14:47:11.131,14:47:13.316,103,2550678.8446656,2550679.010221,2550681.1952382
1,124,3,0.829417199827731,1,1,14:47:14.816,14:47:15.378,14:47:16.207,14:47:18.392,103,2550683.2566628,2550684.0862107,2550686.2706254
1,125,3,0.748575000092387,1,1,14:47:19.891,14:47:20.451,14:47:21.200,14:47:23.385,103,2550688.3303716,2550689.079044,2550691.2635726
1,126,3,0.511539599858224,1,1,14:47:24.885,14:47:25.446,14:47:25.958,14:47:28.142,103,2550693.3254869,2550693.8371575,2550696.0213725
1,127,3,0.258786699734628,0,1,14:47:29.643,14:47:30.204,14:47:30.463,14:47:32.648,102,2550698.0832624,2550698.3421796,2550700.5268046
1,128,3,0.0747631997801363,1,1,14:47:34.149,14:47:34.706,14:47:34.780,14:47:36.965,102,2550702.5852747,2550702.660103,2550704.8441797
1,129,2,0.257828000001609,0,1,14:47:38.466,14:47:39.025,14:47:39.282,14:47:41.468,101,2550706.9041186,2550707.1620126,2550709.34713
1,130,2,0.212107200175524,0,1,14:47:42.969,14:47:43.530,14:47:43.742,14:47:45.926,100,2550711.4088895,2550711.6211259,2550713.8046562
1,131,2,0.201407399959862,1,1,14:47:47.426,14:47:47.988,14:47:48.188,14:47:50.374,100,2550715.8666686,2550716.0682057,2550718.2526903
1,132,2,0.4133166000247,0,1,14:47:51.874,14:47:52.435,14:47:52.847,14:47:55.033,99,2550720.3137403,2550720.7271656,2550722.9114605
1,133,1,0.484358899760991,0,1,14:47:56.533,14:47:57.093,14:47:57.576,14:47:59.762,98,2550724.9716494,2550725.4560732,2550727.6404132
1,134,3,0.0939207002520561,1,0,14:48:01.261,14:48:01.822,14:48:01.916,14:48:04.100,99,2550729.7011352,2550729.7951873,2550731.9786805
1,135,3,0.000557399820536375,1,0,14:48:05.601,14:48:06.160,14:48:06.160,14:48:08.350,100,2550734.0385408,2550734.039164,2550736.2283751
1,136,3,0.215334000065923,1,1,14:48:09.850,14:48:10.410,14:48:10.625,14:48:12.809,100,2550738.2886548,2550738.5040765,2550740.6882767
1,137,3,0.298357699997723,0,0,14:48:14.310,14:48:14.870,14:48:15.167,14:48:17.352,100,2550742.748678,2550743.0471221,2550745.231102
1,138,3,0.0904367999173701,1,1,14:48:18.853,14:48:19.412,14:48:19.502,14:48:21.686,100,2550747.2905761,2550747.3810775,2550749.5645324
1,139,3,0.284807899966836,1,0,14:48:23.186,14:48:23.746,14:48:24.031,14:48:26.217,101,2550751.6252839,2550751.9101876,2550754.0955881
1,140,3,0.255951400380582,0,0,14:48:27.718,14:48:28.278,14:48:28.534,14:48:30.719,101,2550756.1570607,2550756.4131592,2550758.5978633
1,141,3,0.35181610006839,0,0,14:48:32.220,14:48:32.781,14:48:33.133,14:48:35.317,101,2550760.6601891,2550761.0121912,2550763.1956372
1,142,3,0.153601499740034,1,1,14:48:36.818,14:48:37.378,14:48:37.532,14:48:39.716,101,2550765.2566502,2550765.4103839,2550767.5952472
1,143,3,0.19670099997893,1,1,14:48:41.216,14:48:41.776,14:48:41.972,14:48:44.157,101,2550769.6543067,2550769.8510731,2550772.0358312
1,144,3,0.340672799851745,0,1,14:48:45.658,14:48:46.217,14:48:46.557,14:48:48.742,100,2550774.0954074,2550774.4361653,2550776.6202954
1,145,3,0.162592699751258,0,1,14:48:50.242,14:48:50.802,14:48:50.964,14:48:53.149,99,2550778.6803861,2550778.843052,2550781.0279378
1,146,1,0.511518700048327,0,0,14:48:54.650,14:48:55.212,14:48:55.723,14:48:57.907,99,2550783.090465,2550783.6021145,2550785.786011
1,147,1,0.30072579998523,0,1,14:48:59.408,14:48:59.969,14:49:00.269,14:49:02.453,98,2550787.8472491,2550788.1480795,2550790.3316615
1,148,1,0.39693529997021,0,0,14:49:03.953,14:49:04.514,14:49:04.911,14:49:07.095,98,2550792.3929417,2550792.7899852,2550794.9734642
1,149,3,0.0635345997288823,1,1,14:49:08.595,14:49:09.155,14:49:09.218,14:49:11.403,98,2550797.0333837,2550797.0970295,2550799.281831
1,150,3,0.237208799924701,0,0,14:49:12.904,14:49:13.464,14:49:13.702,14:49:15.886,98,2550801.3428955,2550801.5802018,2550803.7649394
1,151,3,2.28362410003319,1,1,14:49:17.387,14:49:17.951,14:49:20.234,14:49:22.419,98,2550805.8292052,2550808.1129939,2550810.2974334
1,152,3,0.828759300056845,1,1,14:49:23.919,14:49:24.480,14:49:25.309,14:49:27.493,98,2550812.3590544,2550813.1879237,2550815.3712847
1,153,3,0.814623800106347,1,0,14:49:28.993,14:49:29.555,14:49:30.369,14:49:32.555,99,2550817.4334205,2550818.2481752,2550820.4330743
1,154,3,2.29533379990608,0,0,14:49:34.055,14:49:34.616,14:49:36.912,14:49:39.095,99,2550822.4946623,2550824.7901256,2550826.9735338
1,155,3,0.544610699638724,1,1,14:49:40.596,14:49:41.155,14:49:41.699,14:49:43.883,99,2550829.0334367,2550829.5781335,2550831.7616203
1,156,3,1.31675620004535,0,1,14:49:45.384,14:49:45.944,14:49:47.260,14:49:49.445,98,2550833.8221185,2550835.1389762,2550837.3233324
1,157,3,1.68186639994383,0,1,14:49:50.946,14:49:51.506,14:49:53.187,14:49:55.372,97,2550839.3842012,2550841.0661317,2550843.2504616
1,158,3,0.16810159990564,0,1,14:49:56.872,14:49:57.433,14:49:57.601,14:49:59.786,96,2550845.3110038,2550845.4792433,2550847.6640305
1,159,1,0.378568000160158,0,0,14:50:01.286,14:50:01.846,14:50:02.224,14:50:04.408,96,2550849.7244829,2550850.1031598,2550852.2865726
1,160,1,0.34958939999342,1,1,14:50:05.908,14:50:06.469,14:50:06.819,14:50:09.004,96,2550854.347388,2550854.697108,2550856.881878
1,161,3,1.38118049968034,0,1,14:50:10.504,14:50:11.064,14:50:12.445,14:50:14.630,95,2550858.94207,2550860.3233154,2550862.5084098
1,162,1,0.245585800148547,0,0,14:50:16.131,14:50:16.692,14:50:16.938,14:50:19.122,95,2550864.5703219,2550864.8160481,2550867.0006622
1,163,1,0.231282799970359,1,1,14:50:20.623,14:50:21.181,14:50:21.412,14:50:23.596,95,2550869.0596703,2550869.2910173,2550871.4744132
1,164,1,0.348937599919736,1,1,14:50:25.096,14:50:25.657,14:50:26.005,14:50:28.189,95,2550873.534988,2550873.8840374,2550876.0674428
1,165,1,0.317313400097191,0,1,14:50:29.690,14:50:30.250,14:50:30.567,14:50:32.753,94,2550878.1286944,2550878.4461171,2550880.6309213
1,166,2,0.36905419966206,1,0,14:50:34.253,14:50:34.814,14:50:35.182,14:50:37.367,95,2550882.6918406,2550883.0610031,2550885.2452137
1,167,2,0.329652099870145,0,0,14:50:38.868,14:50:39.427,14:50:39.756,14:50:41.942,95,2550887.3053153,2550887.6350321,2550889.819844
1,168,2,0.300559500232339,0,0,14:50:43.441,14:50:44.001,14:50:44.301,14:50:46.486,95,2550891.8794883,2550892.1801116,2550894.3643063
1,169,2,1.82864290010184,0,0,14:50:47.987,14:50:48.547,14:50:50.375,14:50:52.560,95,2550896.4254443,2550898.2541977,2550900.4380774
1,170,3,0.35223999992013,1,1,14:50:54.061,14:50:54.621,14:50:54.973,14:50:57.158,95,2550902.4989254,2550902.8512305,2550905.0360853
1,171,3,0.194184400141239,1,1,14:50:58.658,14:50:59.218,14:50:59.412,14:51:01.596,95,2550907.095862,2550907.2901562,2550909.4739618
1,172,3,0.26861480018124,0,1,14:51:03.096,14:51:03.659,14:51:03.927,14:51:06.111,94,2550911.5373933,2550911.806172,2550913.9895892
1,173,2,0.00147409969940782,1,0,14:51:07.612,14:51:08.174,14:51:08.175,14:51:10.367,95,2550916.0518559,2550916.0534668,2550918.2447084
1,174,2,0.302757199853659,0,1,14:51:11.867,14:51:12.427,14:51:12.730,14:51:14.914,94,2550920.3051772,2550920.6079981,2550922.792236
1,175,3,0.819792199879885,0,1,14:51:16.415,14:51:16.976,14:51:17.796,14:51:19.981,93,2550924.8541782,2550925.6740998,2550927.858567
1,176,2,0.281973599921912,0,1,14:51:21.481,14:51:22.040,14:51:22.322,14:51:24.507,92,2550929.9182199,2550930.2002571,2550932.3850541
1,177,2,0.000504800118505955,1,0,14:51:26.008,14:51:26.567,14:51:26.567,14:51:28.767,93,2550934.4445159,2550934.4450828,2550936.6452588
1,178,2,0.661725699901581,1,1,14:51:30.268,14:51:30.831,14:51:31.492,14:51:33.677,93,2550938.7092325,2550939.3711212,2550941.5553839
1,179,2,1.02001350000501,1,0,14:51:35.177,14:51:35.737,14:51:36.757,14:51:38.942,94,2550943.6150284,2550944.6351398,2550946.8198669
1,180,2,0.38539159996435,0,0,14:51:40.442,14:51:41.003,14:51:41.387,14:51:43.572,94,2550948.8807001,2550949.2662215,2550951.4497464
1,181,2,0.82350410008803,0,1,14:51:45.072,14:51:45.634,14:51:46.457,14:51:48.642,93,2550953.511566,2550954.335201,2550956.5201223
1,182,3,2.02035839995369,0,0,14:51:50.142,14:51:50.702,14:51:52.722,14:51:54.906,93,2550958.579567,2550960.6000224,2550962.7842507
1,183,3,0.521472299937159,0,1,14:51:56.406,14:51:56.965,14:51:57.487,14:51:59.672,92,2550964.8434231,2550965.3649951,2550967.5494111
1,184,2,0.339577300008386,1,0,14:52:01.172,14:52:01.731,14:52:02.071,14:52:04.255,93,2550969.609315,2550969.9489888,2550972.1332485
1,185,3,0.103848100174218,0,1,14:52:05.756,14:52:06.315,14:52:06.419,14:52:08.604,92,2550974.1931549,2550974.2971132,2550976.4815772
1,186,2,0.14755479991436,0,0,14:52:10.104,14:52:10.664,14:52:10.811,14:52:12.995,92,2550978.5414472,2550978.6890668,2550980.8724412
1,187,1,0.202372000087053,1,1,14:52:14.495,14:52:15.055,14:52:15.256,14:52:17.442,92,2550982.9326198,2550983.1351057,2550985.3197765
1,188,2,0.660112600307912,1,0,14:52:18.942,14:52:19.503,14:52:20.163,14:52:22.348,93,2550987.3808802,2550988.0411269,2550990.2253042
1,189,2,1.50080789998174,1,0,14:52:23.848,14:52:24.407,14:52:25.908,14:52:28.093,94,2550992.2852587,2550993.7861755,2550995.9702543
1,190,1,0.218445499893278,1,0,14:52:29.593,14:52:30.155,14:52:30.373,14:52:32.558,95,2550998.0324945,2550998.2510689,2551000.4359378
1,191,2,0.752367699984461,1,0,14:52:34.059,14:52:34.620,14:52:35.371,14:52:37.556,96,2551002.4974341,2551003.249912,2551005.4342491
1,192,1,0.204989300109446,1,0,14:52:39.056,14:52:39.616,14:52:39.821,14:52:42.006,97,2551007.4940375,2551007.6991345,2551009.8836514
1,193,2,0.264402899891138,0,1,14:52:43.507,14:52:44.067,14:52:44.331,14:52:46.516,96,2551011.9446579,2551012.2091717,2551014.3939006
1,194,2,0.269278599880636,1,0,14:52:48.017,14:52:48.576,14:52:48.845,14:52:51.029,97,2551016.4536134,2551016.722974,2551018.9064502
1,195,1,0.0976645001210272,0,0,14:52:52.529,14:52:53.089,14:52:53.187,14:52:55.372,97,2551020.9672434,2551021.0650385,2551023.2499227
1,196,2,0.0561718000099063,1,0,14:52:56.873,14:52:57.432,14:52:57.488,14:52:59.673,98,2551025.3098262,2551025.3660851,2551027.5508267
1,197,1,0.119564000051469,1,0,14:53:01.174,14:53:01.733,14:53:01.853,14:53:04.038,99,2551029.611268,2551029.7309275,2551031.915282
1,198,2,0.268734500277787,1,1,14:53:05.538,14:53:06.097,14:53:06.365,14:53:08.551,99,2551033.9751529,2551034.2439595,2551036.4285602
1,199,3,0.00052960030734539,0,1,14:53:10.051,14:53:10.611,14:53:10.611,14:53:12.799,98,2551038.4892698,2551038.4898655,2551040.6774072
1,200,2,0.17480710009113,1,0,14:53:14.299,14:53:14.859,14:53:15.034,14:53:17.220,99,2551042.7371401,2551042.9120458,2551045.0972951
